departamento,anio,denuncias_total,meses_observados,anio_completo,denuncias_estafa,denuncias_extorsion,denuncias_hurto,denuncias_otros,denuncias_robo,denuncias_secuestro,denuncias_violencia_contra_la_mujer_e_integrantes,prop_estafa,prop_extorsion,prop_hurto,prop_otros,prop_robo,prop_secuestro,prop_violencia_contra_la_mujer_e_integrantes,diversidad_modalidades,poblacion,ubigeo,denuncias_tasa_100k,denuncias_tasa_100k_lag1,denuncias_total_lag1,denuncias_tasa_yoy,confianza_pnp_pct,percepcion_inseguridad_pct,victimizacion_estafa_pct,victimizacion_pct,victimizacion_robo_pct,victimizacion_pct_lag1,percepcion_inseguridad_pct_lag1,confianza_pnp_pct_lag1,victimizacion_robo_pct_lag1,victimizacion_estafa_pct_lag1,brecha_percepcion_victimizacion,victimizacion_alta_q75_anual
AMAZONAS,2018,9193,12,True,116.0,23.0,1903.0,4238.0,279.0,44.0,2590.0,0.012618296529968454,0.0025019036223213314,0.20700533014249972,0.4610029370172958,0.030349178722941367,0.004786250407919069,0.2817361035570543,1.2417137119426922,419833.0,010000,2189.680182358223,,,,22.7,33.6,3.8,17.3,7.8,,,,,,16.3,0
AMAZONAS,2019,9927,12,True,124.0,13.0,2090.0,4149.0,310.0,45.0,3196.0,0.01249118565528357,0.0013095597864410194,0.21053691951244083,0.41795104261106075,0.031227964138208924,0.004533091568449683,0.32195023672811524,1.2536885715495785,423863.0,010000,2342.0303258364142,2189.680182358223,9193.0,0.06957643618718534,28.2,28.9,3.9,17.5,8.1,17.3,33.6,22.7,7.8,3.8,11.399999999999999,0
AMAZONAS,2020,7917,12,True,123.0,16.0,1584.0,3438.0,157.0,30.0,2569.0,0.015536187949981054,0.0020209675382089174,0.20007578628268283,0.43425539977264116,0.019830743968675003,0.0037893141341417205,0.3244916003536693,1.2254844501501105,426806.0,010000,1854.941120790242,2342.0303258364142,9927.0,-0.20797732619974385,34.3,13.3,2.2,14.5,7.0,17.5,28.9,28.2,8.1,3.9,-1.1999999999999993,0
AMAZONAS,2021,8679,12,True,233.0,31.0,1831.0,3618.0,185.0,39.0,2742.0,0.026846410876829128,0.0035718400737412143,0.21096900564581172,0.41686830279986176,0.021315819794907247,0.004493605254061528,0.3159350155547874,1.280621321834276,428512.0,010000,2025.3808528115899,1854.941120790242,7917.0,0.09188417363281975,28.5,28.5,1.8,10.6,3.8,14.5,13.3,34.3,7.0,2.2,17.9,0
AMAZONAS,2022,9057,12,True,312.0,54.0,1858.0,3824.0,247.0,49.0,2713.0,0.03444849287843657,0.0059622391520370984,0.20514519156453573,0.4222148614331456,0.02727172352876228,0.005410179971292923,0.29954731147178976,1.323149128749603,429483.0,010000,2108.814551449068,2025.3808528115899,8679.0,0.041194078892202945,29.9,37.6,2.2,13.6,4.9,10.6,28.5,28.5,3.8,1.8,24.0,0
AMAZONAS,2023,9858,12,True,352.0,159.0,1811.0,4211.0,312.0,42.0,2971.0,0.03570703996753905,0.016129032258064516,0.18370866301481031,0.4271657537025766,0.03164942178940962,0.00426049908703591,0.301379590180564,1.3541858244590588,429943.0,010000,2292.8620770660295,2108.814551449068,9057.0,0.08727534884017829,27.1,26.8,2.5,15.2,5.7,13.6,37.6,29.9,4.9,2.2,11.600000000000001,0
AMAZONAS,2024,9805,12,True,422.0,106.0,1524.0,4565.0,422.0,45.0,2721.0,0.04303926568077512,0.010810810810810811,0.15543090260071393,0.4655787863335033,0.04303926568077512,0.004589495155532891,0.2775114737378888,1.3454307366407825,430123.0,010000,2279.580492091797,2292.8620770660295,9858.0,-0.0057925791119662895,26.1,25.6,2.0,18.1,5.0,15.2,26.8,27.1,5.7,2.5,7.5,0
ANCASH,2018,24372,12,True,347.0,166.0,4251.0,9678.0,1414.0,32.0,8484.0,0.014237649762021992,0.006811094698834728,0.17442146725750862,0.397095027080256,0.058017397012965696,0.0013129821106187428,0.3481043820777942,1.3070828683561628,1155451.0,020000,2109.306236266185,,,,14.8,29.7,8.5,21.6,9.4,,,,,,8.099999999999998,0
ANCASH,2019,31583,12,True,528.0,187.0,5624.0,11871.0,1761.0,42.0,11570.0,0.016717854542000442,0.0059209068169584905,0.17807048095494413,0.3758667637653168,0.05575784440996739,0.0013298293385682171,0.36633632017224455,1.311476277086278,1169522.0,020000,2700.504992638018,2109.306236266185,24372.0,0.28028113993459347,16.3,34.4,8.2,21.8,11.5,21.6,29.7,14.8,9.4,8.5,12.599999999999998,0
ANCASH,2020,24351,12,True,618.0,123.0,3201.0,9487.0,977.0,26.0,9919.0,0.025378834544782555,0.005051127263767402,0.131452507083898,0.38959385651513284,0.04012155558293294,0.0010677179581947353,0.40733440105129154,1.2560968837480697,1180638.0,020000,2062.528903863843,2700.504992638018,31583.0,-0.23624325469250884,27.3,19.8,6.2,15.9,7.6,21.8,34.4,16.3,11.5,8.2,3.9000000000000004,0
ANCASH,2021,27106,12,True,673.0,177.0,3723.0,10867.0,1235.0,33.0,10398.0,0.024828451265402493,0.006529919575001844,0.137349664280971,0.4009075481443223,0.045561868221058066,0.0012174426326274626,0.38360510588061686,1.280168326946844,1188391.0,020000,2280.899131683091,2062.528903863843,24351.0,0.10587499036263881,25.2,27.9,3.0,10.8,5.7,15.9,19.8,27.3,7.6,6.2,17.099999999999998,0
ANCASH,2022,30036,12,True,736.0,426.0,4926.0,12697.0,1439.0,34.0,9778.0,0.024503928618990544,0.01418298042349181,0.1640031961646025,0.4227260620588627,0.04790917565587961,0.0011319749633772805,0.3255426821147956,1.3303111220845227,1194156.0,020000,2515.2492639152674,2280.899131683091,27106.0,0.10274462775530435,19.0,37.5,5.6,17.4,7.8,10.8,27.9,25.2,5.7,3.0,20.1,0
ANCASH,2023,31506,12,True,949.0,476.0,5558.0,12632.0,1968.0,23.0,9900.0,0.030121246746651432,0.015108233352377326,0.17641084237922935,0.4009395035866184,0.06246429251571129,0.0007300196787913413,0.31422586174062084,1.3835980795886125,1198547.0,020000,2628.682896874299,2515.2492639152674,30036.0,0.04509836642689602,20.4,28.8,4.1,17.2,7.0,17.4,37.5,19.0,7.8,5.6,11.600000000000001,0
ANCASH,2024,31238,12,True,1020.0,594.0,5325.0,12863.0,1687.0,36.0,9713.0,0.03265253857481273,0.019015301875920352,0.17046545873615468,0.41177412126256485,0.05400473781932262,0.001152442537934567,0.3109353991932902,1.382675744020396,1202171.0,020000,2598.465609301838,2628.682896874299,31506.0,-0.01149521975754153,17.9,31.4,3.4,17.6,7.4,17.2,28.8,20.4,7.0,4.1,13.799999999999997,0
APURIMAC,2018,9442,12,True,85.0,4.0,1083.0,3594.0,280.0,17.0,4379.0,0.009002330014827368,0.00042363905952128787,0.11470027536538868,0.38063969497987715,0.02965473416649015,0.0018004660029654735,0.46377886041092986,1.13378110275414,427323.0,030000,2209.569810190418,,,,10.5,49.1,3.2,21.5,12.7,,,,,,27.6,0
APURIMAC,2019,11780,12,True,130.0,5.0,1166.0,4496.0,324.0,22.0,5637.0,0.011035653650254669,0.00042444821731748726,0.09898132427843803,0.38166383701188455,0.027504244482173174,0.001867572156196944,0.47852292020373516,1.1128442259271414,429587.0,030000,2742.1686410436073,2209.569810190418,9442.0,0.24104186633835778,11.5,54.6,2.6,26.7,17.9,21.5,49.1,10.5,12.7,3.2,27.900000000000002,0
APURIMAC,2020,10878,12,True,173.0,8.0,733.0,4415.0,151.0,14.0,5384.0,0.015903658760801617,0.0007354293068578783,0.0673837102408531,0.4058650487221916,0.013881228166942452,0.001287001287001287,0.4949439235153521,1.0349446284189583,430736.0,030000,2525.4448200289735,2742.1686410436073,11780.0,-0.07903373183209972,19.1,24.7,2.6,24.7,15.9,26.7,54.6,11.5,17.9,2.6,0.0,1
APURIMAC,2021,12128,12,True,182.0,7.0,1093.0,5229.0,170.0,7.0,5440.0,0.015006596306068602,0.0005771767810026385,0.09012203166226913,0.431151055408971,0.014017150395778364,0.0005771767810026385,0.44854881266490765,1.0706742853834785,430609.0,030000,2816.476199986531,2525.4448200289735,10878.0,0.11523965110994516,15.2,43.2,1.5,15.6,7.9,24.7,24.7,19.1,15.9,2.6,27.6,0
APURIMAC,2022,11461,12,True,178.0,28.0,1132.0,4975.0,224.0,11.0,4913.0,0.015530930983334787,0.0024430677951313147,0.09876974086030887,0.43408079574208186,0.019544542361050517,0.000959776633801588,0.4286711456242911,1.1169690911401609,429720.0,030000,2667.085544075212,2816.476199986531,12128.0,-0.05304168943875087,16.5,49.0,8.2,23.8,9.9,15.6,43.2,15.2,7.9,1.5,25.2,0
APURIMAC,2023,11637,12,True,295.0,51.0,1359.0,5122.0,293.0,10.0,4507.0,0.02535017616224113,0.004382572828048466,0.11678267594740913,0.44014780441694595,0.025178310561141188,0.0008593280054996992,0.38729913207871447,1.195090608836332,428311.0,030000,2716.951000558006,2667.085544075212,11461.0,0.01869660933582251,11.7,43.2,1.4,20.3,12.4,23.8,49.0,16.5,9.9,8.2,22.900000000000002,0
APURIMAC,2024,12115,12,True,443.0,42.0,1616.0,5334.0,237.0,16.0,4427.0,0.03656624019810153,0.003466776723070574,0.13338836153528683,0.44028064382996285,0.019562525794469664,0.001320676846884028,0.36541477507222453,1.224100946229865,426626.0,030000,2839.7237861733697,2716.951000558006,11637.0,0.045187706951707485,11.7,45.7,0.7,26.2,13.5,20.3,43.2,11.7,12.4,1.4,19.500000000000004,0
AREQUIPA,2018,57268,12,True,810.0,57.0,9210.0,21353.0,3252.0,91.0,22495.0,0.014144024586156318,0.0009953202486554446,0.16082279807222183,0.3728609345533282,0.056785639449605366,0.001589020046099043,0.3928022630439338,1.2690360603999011,1428708.0,040000,4008.3767991779982,,,,18.4,56.8,3.2,25.3,18.1,,,,,,31.499999999999996,0
AREQUIPA,2019,59314,12,True,763.0,93.0,9380.0,22987.0,3317.0,80.0,22694.0,0.012863742118218295,0.0015679266277775904,0.15814141686616986,0.387547627878747,0.05592271639073406,0.0013487540884108305,0.3826078160299423,1.2629144027545962,1464638.0,040000,4049.7378874506876,4008.3767991779982,57268.0,0.010318662726810368,17.9,60.0,3.1,26.8,19.9,25.3,56.8,18.4,18.1,3.2,33.2,0
AREQUIPA,2020,46863,12,True,958.0,59.0,5997.0,18484.0,1948.0,48.0,19369.0,0.020442566630390714,0.0012589889678424344,0.12796876000256066,0.3944263064677891,0.04156797473486546,0.0010242622111260482,0.4133111409854256,1.2224124555617588,1497438.0,040000,3129.5452633097334,4049.7378874506876,59314.0,-0.22722276100693917,26.7,28.0,1.4,18.5,14.1,26.8,60.0,17.9,19.9,3.1,9.5,0
AREQUIPA,2021,53090,12,True,1241.0,88.0,8271.0,22051.0,2619.0,91.0,18729.0,0.023375400263703147,0.0016575626294970803,0.155792051233754,0.41535129026181955,0.0493313241665097,0.0017140704464117535,0.35277830099830476,1.2799356790938266,1526669.0,040000,3477.505602065674,3129.5452633097334,46863.0,0.11118559071037226,22.1,56.9,0.8,15.0,10.8,18.5,28.0,26.7,14.1,1.4,41.9,0
AREQUIPA,2022,62846,12,True,1689.0,348.0,11593.0,26904.0,4259.0,80.0,17973.0,0.026875218788785283,0.005537345256659135,0.1844667918403717,0.42809407122171655,0.06776883174744613,0.0012729529325653183,0.2859847882124558,1.349867578078991,1553994.0,040000,4044.159758660587,3477.505602065674,53090.0,0.16294845255125257,19.0,61.6,3.7,25.1,16.4,15.0,56.9,22.1,10.8,0.8,36.5,1
AREQUIPA,2023,73196,12,True,2354.0,485.0,15865.0,28367.0,6827.0,89.0,19209.0,0.03216022733482704,0.006626045139078638,0.21674681676594348,0.3875484999180283,0.09327012405049456,0.001215913437892781,0.2624323733537352,1.4230449286179359,1580075.0,040000,4632.438333623404,4044.159758660587,62846.0,0.14546373290595538,19.8,65.2,5.6,30.4,19.5,25.1,61.6,19.0,16.4,3.7,34.800000000000004,1
AREQUIPA,2024,67988,12,True,2617.0,400.0,14176.0,28649.0,4451.0,94.0,17601.0,0.03849208683885392,0.005883391186680002,0.2085073836559393,0.42138318526798846,0.06546743542978173,0.0013825969288698006,0.2588839206918868,1.3840834169018799,1605569.0,040000,4234.511254265622,4632.438333623404,73196.0,-0.08590013524185036,18.4,65.3,6.1,34.3,19.6,30.4,65.2,19.8,19.5,5.6,31.0,1
AYACUCHO,2018,10423,12,True,95.0,20.0,1760.0,3444.0,594.0,16.0,4494.0,0.009114458409287153,0.0019188333493236113,0.1688573347404778,0.3304231027535259,0.05698935047491126,0.001535066679458889,0.43116185359301545,1.2570126666332762,659061.0,050000,1581.4924566921725,,,,9.1,48.2,4.7,27.9,18.0,,,,,,20.300000000000004,1
AYACUCHO,2019,12263,12,True,160.0,20.0,1924.0,3885.0,612.0,29.0,5633.0,0.013047378292424366,0.0016309222865530458,0.156894723966403,0.31680665416292914,0.0499062219685232,0.0023648373155019165,0.45934926200766535,1.2430859049468492,664494.0,050000,1845.4643683765391,1581.4924566921725,10423.0,0.16691316519870525,10.3,45.0,2.0,24.6,17.7,27.9,48.2,9.1,18.0,4.7,20.4,0
AYACUCHO,2020,10926,12,True,190.0,22.0,1462.0,3641.0,388.0,19.0,5204.0,0.017389712612117882,0.0020135456708768075,0.13380926231008602,0.33324180853011165,0.03551162365000915,0.0017389712612117885,0.4762950759655867,1.2011525380963435,668213.0,050000,1635.1073684588598,1845.4643683765391,12263.0,-0.11398594495906256,14.9,23.8,2.3,23.3,16.7,24.6,45.0,10.3,17.7,2.0,0.5,0
AYACUCHO,2021,12815,12,True,330.0,22.0,2160.0,4311.0,641.0,19.0,5332.0,0.02575107296137339,0.0017167381974248926,0.1685524775653531,0.33640265314085055,0.0500195083886071,0.0014826375341396802,0.4160749122122513,1.2960983928426402,669979.0,050000,1912.7465189207423,1635.1073684588598,10926.0,0.16979872748268887,14.7,45.5,1.9,17.1,9.7,23.3,23.8,14.9,16.7,2.3,28.4,0
AYACUCHO,2022,14175,12,True,405.0,73.0,3008.0,5001.0,833.0,16.0,4839.0,0.02857142857142857,0.005149911816578483,0.21220458553791888,0.3528042328042328,0.05876543209876543,0.001128747795414462,0.3413756613756614,1.3663562553873918,670579.0,050000,2113.8449011973235,1912.7465189207423,12815.0,0.105135929035725,12.4,56.1,2.2,20.2,13.6,17.1,45.5,14.7,9.7,1.9,35.900000000000006,0
AYACUCHO,2023,16577,12,True,596.0,185.0,3946.0,5738.0,1326.0,30.0,4756.0,0.035953429450443386,0.01116004102069132,0.23804065874404295,0.34614224527960424,0.07999034807263075,0.0018097363817337275,0.2869035410508536,1.4503221861123472,670377.0,050000,2472.787700055342,2113.8449011973235,14175.0,0.16980564593679803,11.1,49.8,1.9,25.1,18.4,20.2,56.1,12.4,13.6,2.2,24.699999999999996,0
AYACUCHO,2024,17467,12,True,786.0,96.0,3985.0,6790.0,943.0,21.0,4846.0,0.044999141237762635,0.0054960783191160476,0.22814450105914008,0.3887330394458121,0.05398751932215034,0.0012022671323066354,0.2774374534837121,1.3939854977065054,669737.0,050000,2608.038677869074,2472.787700055342,16577.0,0.05469574998723292,8.9,50.9,1.1,27.7,19.7,25.1,49.8,11.1,18.4,1.9,23.2,0
CAJAMARCA,2018,16174,12,True,112.0,44.0,3670.0,6150.0,595.0,39.0,5564.0,0.006924693953258316,0.0027204154816371953,0.22690738221837517,0.38023989118338075,0.0367874366266848,0.0024112773587238777,0.3440089031779399,1.257845752683766,1438325.0,060000,1124.5024594580502,,,,22.6,40.3,2.6,16.3,10.3,,,,,,23.999999999999996,0
CAJAMARCA,2019,19089,12,True,135.0,33.0,4005.0,7134.0,696.0,44.0,7042.0,0.007072135785007072,0.0017287443030017287,0.20980669495520982,0.3737230865943737,0.03646078893603646,0.002304992404002305,0.3689035570223689,1.2440906548582025,1447891.0,060000,1318.400349197557,1124.5024594580502,16174.0,0.17242993833286513,27.7,39.1,1.5,14.4,9.7,16.3,40.3,22.6,10.3,2.6,24.700000000000003,0
CAJAMARCA,2020,17563,12,True,215.0,29.0,2788.0,7266.0,440.0,44.0,6781.0,0.012241644365996698,0.0016511985423902523,0.15874281159255252,0.4137106416899163,0.025052667539714173,0.0025052667539714173,0.38609576951545865,1.1965786822815876,1453711.0,060000,1208.1493501803316,1318.400349197557,19089.0,-0.08362482540628091,38.4,22.8,0.8,13.0,9.5,14.4,39.1,27.7,9.7,1.5,9.8,0
CAJAMARCA,2021,20654,12,True,358.0,70.0,4314.0,8233.0,404.0,38.0,7237.0,0.01733320422194248,0.0033891740098770215,0.20886995255156388,0.3986152803331074,0.01956037571414738,0.0018398373196475259,0.3503921758497143,1.2392923527830417,1455245.0,060000,1419.279915065848,1208.1493501803316,17563.0,0.17475535193889935,33.0,43.6,0.5,8.6,4.7,13.0,22.8,38.4,9.5,0.8,35.0,0
CAJAMARCA,2022,22545,12,True,401.0,131.0,5531.0,9211.0,678.0,50.0,6543.0,0.017786648924373476,0.005810601020181858,0.2453315591040142,0.40856065646484807,0.030073186959414504,0.0022177866489243737,0.2902195608782435,1.2899855644111757,1454217.0,060000,1550.318831371109,1419.279915065848,20654.0,0.09232774656659704,21.0,46.2,0.7,11.5,7.2,8.6,43.6,33.0,4.7,0.5,34.7,0
CAJAMARCA,2023,25571,12,True,563.0,295.0,6620.0,9582.0,1377.0,40.0,7094.0,0.022017128778694616,0.011536506198427906,0.2588870204528568,0.37472136404520745,0.05385006452622111,0.001564272026905479,0.2774236439716867,1.3763079634617108,1451436.0,060000,1761.772479117233,1550.318831371109,22545.0,0.1363936523683411,21.5,51.4,0.6,14.1,8.8,11.5,46.2,21.0,7.2,0.7,37.3,0
CAJAMARCA,2024,25747,12,True,701.0,400.0,5792.0,10719.0,1096.0,45.0,6994.0,0.027226472987144132,0.015535790577543014,0.22495824756282284,0.4163203480017089,0.04256806618246786,0.0017477764399735892,0.2716432982483396,1.3627295185255504,1447707.0,060000,1778.4676042873316,1761.772479117233,25571.0,0.009476323059867564,24.7,46.3,0.5,14.1,7.9,14.1,51.4,21.5,8.8,0.6,32.199999999999996,0
CUSCO,2018,30813,12,True,321.0,14.0,4521.0,12340.0,977.0,48.0,12592.0,0.010417680848992309,0.000454353681887515,0.1467237854152468,0.40048031674942397,0.03170739622886444,0.0015577840521857657,0.4086586830233992,1.184311947223729,1320530.0,080000,2333.3812938744295,,,,13.5,56.5,10.6,35.5,21.3,,,,,,21.0,1
CUSCO,2019,36376,12,True,458.0,22.0,5463.0,14894.0,1139.0,52.0,14348.0,0.012590719155487134,0.0006047943699142292,0.15018143831097427,0.40944578843193313,0.03131185396965032,0.0014295139652518143,0.3944358917967891,1.1946731130100114,1340457.0,080000,2713.701371994775,2333.3812938744295,30813.0,0.1629909689936908,16.8,56.8,8.5,33.9,20.0,35.5,56.5,13.5,21.3,10.6,22.9,1
CUSCO,2020,28485,12,True,566.0,24.0,3499.0,12084.0,505.0,34.0,11773.0,0.01987010707389854,0.0008425487098472881,0.12283658065648587,0.42422327540810956,0.017728629103036686,0.0011936106722836581,0.4133052483763384,1.1498814126641603,1357075.0,080000,2098.9996868264466,2713.701371994775,36376.0,-0.22651780756424067,27.8,27.5,7.1,32.4,20.5,33.9,56.8,16.8,20.0,8.5,-4.899999999999999,1
CUSCO,2021,32609,12,True,733.0,35.0,4341.0,14523.0,732.0,35.0,12210.0,0.0224784568677359,0.001073323315649054,0.1331227575209298,0.4453678432334632,0.022447790487288784,0.001073323315649054,0.37443650525928424,1.1817103471832036,1369932.0,080000,2380.337126222323,2098.9996868264466,28485.0,0.13403405496512533,18.7,53.3,6.9,24.5,13.2,32.4,27.5,27.8,20.5,7.1,28.799999999999997,1
CUSCO,2022,35136,12,True,877.0,90.0,5451.0,15374.0,1037.0,29.0,12278.0,0.024960154826958104,0.0025614754098360654,0.15514002732240437,0.43755692167577415,0.029513888888888888,0.0008253642987249545,0.3494421675774135,1.2353973726701726,1380594.0,080000,2544.9915036571215,2380.337126222323,32609.0,0.06917271323499907,13.4,60.2,7.3,28.6,16.4,24.5,53.3,18.7,13.2,6.9,31.6,1
CUSCO,2023,40158,12,True,1171.0,177.0,7163.0,16744.0,1932.0,30.0,12941.0,0.02915981871607152,0.004407590019423278,0.17837043677473977,0.41695303550973656,0.048109965635738834,0.0007470491558344539,0.3222521041884556,1.3155037432732588,1389737.0,080000,2889.6114876411866,2544.9915036571215,35136.0,0.13541105480660764,14.3,55.6,7.0,29.4,18.7,28.6,60.2,13.4,16.4,7.3,26.200000000000003,1
CUSCO,2024,39998,12,True,1506.0,142.0,7018.0,17225.0,1590.0,52.0,12465.0,0.03765188259412971,0.003550177508875444,0.17545877293864692,0.4306465323266163,0.03975198759937997,0.0013000650032501625,0.31164058202910144,1.3118524401035403,1398036.0,080000,2861.0135933552497,2889.6114876411866,40158.0,-0.009896795610153664,13.9,49.8,3.8,34.8,20.2,29.4,55.6,14.3,18.7,7.0,15.0,1
HUANCAVELICA,2018,1932,12,True,27.0,3.0,263.0,760.0,100.0,2.0,777.0,0.013975155279503106,0.0015527950310559005,0.13612836438923395,0.39337474120082816,0.051759834368530024,0.0010351966873706005,0.40217391304347827,1.234912248106029,376346.0,090000,513.3573892109921,,,,15.2,43.2,8.9,27.4,13.8,,,,,,15.800000000000004,0
HUANCAVELICA,2019,2573,12,True,38.0,2.0,350.0,1101.0,137.0,5.0,940.0,0.014768752429071124,0.000777302759424796,0.1360279828993393,0.4279051690633502,0.05324523902059852,0.00194325689856199,0.3653322969296541,1.2385727185466355,371260.0,090000,693.0453051769649,513.3573892109921,1932.0,0.350024991832971,21.2,42.3,6.4,26.6,16.7,27.4,43.2,15.2,13.8,8.9,15.699999999999996,0
HUANCAVELICA,2020,3065,12,True,50.0,6.0,292.0,1403.0,72.0,5.0,1237.0,0.01631321370309951,0.001957585644371941,0.09526916802610114,0.4577487765089723,0.023491027732463296,0.0016313213703099511,0.4035889070146819,1.1258207692467552,365317.0,090000,838.9973639332416,693.0453051769649,2573.0,0.21059526363721437,27.0,19.0,5.7,22.6,14.1,26.6,42.3,21.2,16.7,6.4,-3.6000000000000014,0
HUANCAVELICA,2021,4539,12,True,82.0,7.0,399.0,2359.0,104.0,3.0,1585.0,0.01806565322758317,0.0015421899096717338,0.08790482485128882,0.5197179995593744,0.02291253580083719,0.0006609385327164573,0.3491958581185283,1.0951311978384741,358356.0,090000,1266.6175534942906,838.9973639332416,3065.0,0.5096800156276469,24.5,34.7,5.1,16.6,7.5,22.6,19.0,27.0,14.1,5.7,18.1,0
HUANCAVELICA,2022,4492,12,True,92.0,17.0,531.0,2263.0,123.0,4.0,1462.0,0.020480854853072127,0.003784505788067676,0.11821015138023153,0.5037845057880677,0.027382012466607302,0.0008904719501335708,0.3254674977738201,1.1686579290431656,350845.0,090000,1280.3374709629609,1266.6175534942906,4539.0,0.010831933783658876,20.1,42.1,7.4,20.3,11.0,16.6,34.7,24.5,7.5,5.1,21.8,0
HUANCAVELICA,2023,4395,12,True,128.0,34.0,555.0,2062.0,189.0,10.0,1417.0,0.02912400455062571,0.007736063708759955,0.12627986348122866,0.46916951080773606,0.043003412969283276,0.0022753128555176336,0.32241183162684867,1.2710704204666228,343026.0,090000,1281.2439873362368,1280.3374709629609,4492.0,0.0007080292452850134,11.8,35.7,3.6,23.6,13.6,20.3,42.1,20.1,11.0,7.4,12.100000000000001,0
HUANCAVELICA,2024,4318,12,True,151.0,33.0,450.0,2185.0,116.0,9.0,1374.0,0.0349698934691987,0.007642427049559981,0.10421491431218156,0.5060213061602594,0.026864289022695692,0.0020842982862436313,0.31820287169986106,1.2092612947127743,335142.0,090000,1288.4090922653681,1281.2439873362368,4395.0,0.005592303261479303,9.4,33.1,4.1,26.8,13.7,23.6,35.7,11.8,13.6,3.6,6.300000000000001,0
HUANUCO,2018,10000,12,True,130.0,35.0,1135.0,3506.0,574.0,20.0,4600.0,0.013,0.0035,0.1135,0.3506,0.0574,0.002,0.46,1.224351744466579,757467.0,100000,1320.1895264084112,,,,13.7,45.5,1.3,17.4,11.1,,,,,,28.1,0
HUANUCO,2019,13925,12,True,237.0,42.0,1894.0,4582.0,1039.0,36.0,6095.0,0.017019748653500897,0.003016157989228007,0.13601436265709158,0.329048473967684,0.07461400359066428,0.002585278276481149,0.43770197486535006,1.2946297679746452,759851.0,100000,1832.5961273986609,1320.1895264084112,10000.0,0.3881310908322815,17.7,38.1,1.4,16.7,11.8,17.4,45.5,13.7,11.1,1.3,21.400000000000002,0
HUANUCO,2020,13384,12,True,403.0,31.0,1449.0,4986.0,621.0,20.0,5874.0,0.030110579796772265,0.002316198445905559,0.10826359832635983,0.3725343693962941,0.04639868499701136,0.0014943215780035865,0.4388822474596533,1.2416869937300077,760267.0,100000,1760.4341632610647,1832.5961273986609,13925.0,-0.03937690528683424,22.1,18.0,1.4,13.6,8.4,16.7,38.1,17.7,11.8,1.4,4.4,0
HUANUCO,2021,16406,12,True,568.0,53.0,2252.0,6604.0,834.0,30.0,6065.0,0.03462147994636109,0.003230525417530172,0.13726685359014995,0.40253565768621236,0.05083506034377667,0.0018285992929416067,0.36968182372302816,1.3047027514572291,758416.0,100000,2163.192759646421,1760.4341632610647,13384.0,0.22878367438591285,16.8,35.5,1.4,13.0,7.8,13.6,18.0,22.1,8.4,1.4,22.5,0
HUANUCO,2022,19216,12,True,651.0,119.0,3292.0,8384.0,1146.0,43.0,5581.0,0.033878018318068276,0.006192756036636137,0.17131557035803496,0.4363030807660283,0.05963780183180683,0.0022377185678601167,0.29043505412156534,1.3511725337711882,755213.0,100000,2544.4477253437108,2163.192759646421,16406.0,0.17624641354643167,17.8,40.4,0.8,12.2,8.2,13.0,35.5,16.8,7.8,1.4,28.2,0
HUANUCO,2023,21424,12,True,807.0,352.0,4059.0,9254.0,1583.0,37.0,5332.0,0.037668035847647496,0.016430171769977596,0.18946041822255413,0.43194548170276326,0.07388909634055266,0.0017270351008215085,0.24887976101568335,1.4184175206921474,751097.0,100000,2852.361279568418,2544.4477253437108,19216.0,0.12101390457259775,16.4,38.8,0.4,15.1,10.3,12.2,40.4,17.8,8.2,0.8,23.699999999999996,0
HUANUCO,2024,20693,12,True,1034.0,250.0,3317.0,9968.0,1091.0,29.0,5004.0,0.04996858841154014,0.012081380176871406,0.1602957521867298,0.4817087904122167,0.05272314309186681,0.001401440100517083,0.24182090562025807,1.3560179750743353,746509.0,100000,2771.9692595802594,2852.361279568418,21424.0,-0.028184375017291763,13.8,41.9,0.5,14.6,8.6,15.1,38.8,16.4,10.3,0.4,27.299999999999997,0
ICA,2018,27185,12,True,373.0,96.0,5226.0,8086.0,4026.0,36.0,9342.0,0.01372080191281957,0.0035313592054441786,0.1922383667463675,0.2974434430752253,0.14809637667831524,0.001324259702041567,0.34364539267978667,1.4151357990634015,923175.0,110000,2944.7287892328104,,,,20.1,61.2,1.9,18.1,11.4,,,,,,43.1,0
ICA,2019,32701,12,True,448.0,123.0,6152.0,10000.0,5188.0,46.0,10744.0,0.01369988685361304,0.0037613528638267943,0.18812880340050764,0.3058010458395768,0.15864958258157244,0.0014066848108620531,0.3285526436500413,1.4234080158458267,950100.0,110000,3441.848226502473,2944.7287892328104,27185.0,0.168816713813287,21.1,55.3,3.1,17.4,10.4,18.1,61.2,20.1,11.4,1.9,37.9,0
ICA,2020,25782,12,True,442.0,102.0,3667.0,9539.0,2588.0,21.0,9423.0,0.017143743697153054,0.0039562485454968585,0.14223101388565665,0.36998681250484833,0.10038011015437126,0.0008145217593670003,0.3654875494531068,1.3412814624286145,975182.0,110000,2643.8141803273643,3441.848226502473,32701.0,-0.23186206760373418,33.5,26.0,2.3,15.0,10.2,17.4,55.3,21.1,10.4,3.1,11.0,0
ICA,2021,28273,12,True,737.0,176.0,4021.0,11191.0,2866.0,30.0,9252.0,0.026067272662964665,0.006225020337424398,0.14222049304990628,0.39581933293247973,0.10136879708555865,0.001061083012060977,0.32723800091960525,1.37576103660481,998144.0,110000,2832.557226211849,2643.8141803273643,25782.0,0.07139043556424007,23.7,53.2,2.1,14.2,7.5,15.0,26.0,33.5,10.2,2.3,39.0,0
ICA,2022,31610,12,True,1125.0,533.0,5469.0,12542.0,3276.0,44.0,8621.0,0.03559000316355584,0.016861752609933566,0.17301486871243277,0.3967731730465043,0.1036380892122746,0.0013919645681746283,0.2727301486871243,1.4563034398751107,1020050.0,110000,3098.8677025636,2832.557226211849,28273.0,0.09401768616971751,21.0,60.0,3.2,15.7,9.3,14.2,53.2,23.7,7.5,2.1,44.3,0
ICA,2023,36704,12,True,1341.0,665.0,7312.0,13184.0,4997.0,46.0,9159.0,0.03653552746294682,0.018117916303400174,0.1992153443766347,0.35919790758500436,0.13614319965126417,0.0012532693984306888,0.2495368352223191,1.509010249566636,1041312.0,110000,3524.7841184966655,3098.8677025636,31610.0,0.1374425941387294,21.1,62.1,3.2,19.5,10.1,15.7,60.0,21.0,9.3,3.2,42.6,0
ICA,2024,33367,12,True,1570.0,587.0,6124.0,12858.0,3350.0,28.0,8850.0,0.047052476998231785,0.017592231845835707,0.1835346300236761,0.38535079569634667,0.10039859741660923,0.0008391524560194204,0.2652321155632811,1.482243654756576,1062346.0,110000,3140.878772076141,3524.7841184966655,36704.0,-0.10891598847314987,20.9,64.6,5.4,25.5,10.8,19.5,62.1,21.1,10.1,3.2,39.099999999999994,0
JUNIN,2018,28004,12,True,285.0,37.0,5580.0,9629.0,1683.0,35.0,10755.0,0.010177117554635053,0.0013212398228824454,0.19925724896443364,0.34384373660905587,0.06009855734895015,0.0012498214540779889,0.3840522782459649,1.2888246062019295,1335139.0,120000,2097.4595154512003,,,,10.2,57.5,10.7,38.2,24.5,,,,,,19.299999999999997,1
JUNIN,2019,35306,12,True,319.0,60.0,6018.0,12255.0,2387.0,40.0,14227.0,0.009035291451877868,0.0016994278592873733,0.17045261428652353,0.347108140259446,0.06760890500198266,0.0011329519061915822,0.402962669234691,1.2783083615991384,1350021.0,120000,2615.218578081378,2097.4595154512003,28004.0,0.24685056317704346,11.4,59.7,5.9,34.9,24.1,38.2,57.5,10.2,24.5,10.7,24.800000000000004,1
JUNIN,2020,28009,12,True,424.0,47.0,3633.0,10568.0,1086.0,41.0,12210.0,0.015137991359920026,0.0016780320611232103,0.12970830804384306,0.3773072940840444,0.0387732514548895,0.0014638152022564176,0.43593130779392336,1.2043528015330276,1361467.0,120000,2057.2661695068628,2615.218578081378,35306.0,-0.21334828883934054,23.3,28.3,4.1,34.0,24.3,34.9,59.7,11.4,24.1,5.9,-5.699999999999999,1
JUNIN,2021,33834,12,True,722.0,69.0,5297.0,14235.0,1547.0,38.0,11926.0,0.021339480995448367,0.002039368682390495,0.1565584914582964,0.4207306259975173,0.045723236980552105,0.0011231305787078086,0.3524856653070875,1.2655381649029538,1369003.0,120000,2471.433590722592,2057.2661695068628,28009.0,0.2013193175266219,17.1,48.6,2.7,22.5,15.0,34.0,28.3,23.3,24.3,4.1,26.1,1
JUNIN,2022,37929,12,True,797.0,240.0,7045.0,16186.0,2557.0,36.0,11068.0,0.021012945239790134,0.006327612117377205,0.18574178069551003,0.4267447072161143,0.0674154341005563,0.0009491418176065807,0.29180837881304544,1.3371061123332555,1374221.0,120000,2760.0364133570947,2471.433590722592,33834.0,0.11677547141783484,17.9,59.2,3.1,26.6,18.6,22.5,48.6,17.1,15.0,2.7,32.6,1
JUNIN,2023,47163,12,True,1192.0,475.0,10024.0,18375.0,5470.0,51.0,11576.0,0.025274049572758306,0.01007145431800352,0.21253949070245742,0.38960625914382035,0.11598074761995632,0.0010813561478277463,0.2454466424951763,1.4376800708758828,1377838.0,120000,3422.9713507683778,2760.0364133570947,37929.0,0.24019064900848175,19.0,59.1,4.1,28.7,20.0,26.6,59.2,17.9,18.6,3.1,30.400000000000002,0
JUNIN,2024,40562,12,True,1146.0,212.0,7229.0,18825.0,3235.0,20.0,9895.0,0.028253044721660667,0.005226566737340368,0.17822099501996944,0.4641043341058133,0.07975444997781174,0.0004930723337113554,0.2439475371036931,1.3414770900610058,1380561.0,120000,2938.0809685338063,3422.9713507683778,47163.0,-0.14165773900670386,16.3,57.5,3.8,34.6,22.1,28.7,59.1,19.0,20.0,4.1,22.9,1
LA LIBERTAD,2018,36246,12,True,497.0,968.0,7200.0,11768.0,5085.0,54.0,10674.0,0.013711857860177675,0.026706395188434585,0.19864260883959609,0.32467030844782874,0.14029134249296474,0.0014898195662969708,0.2944876676047012,1.4871131055417173,1938501.0,130000,1869.7952696439156,,,,17.8,49.4,6.0,23.9,14.1,,,,,,25.5,0
LA LIBERTAD,2019,43564,12,True,651.0,1225.0,8806.0,13864.0,5387.0,68.0,13563.0,0.014943531356165642,0.028119548250849325,0.20213938114039115,0.31824442199981634,0.12365714810393903,0.0015609218620879625,0.31133504728675054,1.4826404538843199,1979901.0,130000,2200.3120358038104,1869.7952696439156,36246.0,0.17676628640890635,17.0,50.9,6.2,24.1,14.8,23.9,49.4,17.8,14.1,6.0,26.799999999999997,0
LA LIBERTAD,2020,32053,12,True,781.0,677.0,4907.0,12461.0,2776.0,45.0,10406.0,0.024365893988082237,0.02112126790004056,0.153090194365582,0.3887623623373787,0.08660655788849718,0.0014039247496334195,0.32464979877078587,1.4129177672768585,2016771.0,130000,1589.3227342122632,2200.3120358038104,43564.0,-0.2776830247935006,24.7,24.4,5.0,22.8,14.4,24.1,50.9,17.0,14.8,6.2,1.5999999999999979,0
LA LIBERTAD,2021,36251,12,True,1116.0,1009.0,6662.0,12777.0,3871.0,69.0,10747.0,0.030785357645306335,0.027833714932001877,0.18377424071060108,0.35245924250365507,0.10678326115141651,0.001903395768392596,0.2964607872886265,1.496956956409951,2048492.0,130000,1769.6432302396104,1589.3227342122632,32053.0,0.11345744457416429,25.4,50.9,5.7,20.0,10.8,22.8,24.4,24.7,14.4,5.0,30.9,1
LA LIBERTAD,2022,47441,12,True,1633.0,2169.0,9282.0,18160.0,5310.0,96.0,10791.0,0.03442170274656942,0.045719946881389514,0.19565354861828377,0.3827912565080837,0.11192850066398263,0.002023566113699121,0.22746147846799183,1.5382802769693935,2077345.0,130000,2283.732360296436,1769.6432302396104,36251.0,0.29050439166046926,20.8,58.1,3.9,21.6,12.5,20.0,50.9,25.4,10.8,5.7,36.5,0
LA LIBERTAD,2023,56880,12,True,1974.0,3078.0,12863.0,19429.0,7740.0,82.0,11714.0,0.03470464135021097,0.05411392405063291,0.22614275668073136,0.3415787623066104,0.1360759493670886,0.0014416315049226441,0.20594233473980308,1.583829642075689,2104254.0,130000,2703.095728937666,2283.732360296436,47441.0,0.18363069855821257,18.8,57.7,4.5,22.5,12.2,21.6,58.1,20.8,12.5,3.9,35.2,0
LA LIBERTAD,2024,57477,12,True,2293.0,5096.0,12667.0,20614.0,6448.0,84.0,10275.0,0.03989421855698801,0.0886615515771526,0.2203838056961915,0.3586478069488665,0.11218400403639717,0.0014614541468761417,0.17876715903752805,1.607143031123612,2130145.0,130000,2698.2670193813096,2703.095728937666,56880.0,-0.0017863627635023027,17.5,59.2,4.1,25.0,13.1,22.5,57.7,18.8,12.2,4.5,34.2,0
LAMBAYEQUE,2018,43673,12,True,627.0,198.0,11671.0,13950.0,5790.0,49.0,11388.0,0.014356696357016922,0.004533693586426396,0.2672360497332448,0.31941932086185976,0.13257619123943856,0.0011219746754287546,0.26075607354658487,1.4285811121613412,1270295.0,140000,3438.020302370709,,,,18.2,65.7,0.2,13.7,11.7,,,,,,52.0,0
LAMBAYEQUE,2019,43223,12,True,730.0,194.0,10867.0,13660.0,4574.0,65.0,13133.0,0.016889156236263102,0.0044883511093630705,0.25141706961571386,0.3160354440922657,0.10582328852694167,0.001503828979941235,0.3038428614395114,1.4137529507887479,1292105.0,140000,3345.1615774259835,3438.020302370709,43673.0,-0.027009359101426544,25.6,54.7,0.5,15.9,13.5,13.7,65.7,18.2,11.7,0.2,38.800000000000004,0
LAMBAYEQUE,2020,32380,12,True,741.0,107.0,6651.0,12092.0,2211.0,33.0,10545.0,0.02288449660284126,0.003304508956145769,0.20540457072266832,0.3734403953057443,0.06828289067325509,0.001019147621988882,0.3256639901173564,1.353922408812018,1310785.0,140000,2470.275445629909,3345.1615774259835,43223.0,-0.2615377797293956,38.8,34.3,0.2,16.7,13.7,15.9,54.7,25.6,13.5,0.5,17.599999999999998,0
LAMBAYEQUE,2021,40817,12,True,1135.0,192.0,9038.0,14964.0,3694.0,51.0,11743.0,0.027807041183820467,0.004703922385280643,0.2214273464487836,0.3666119509028101,0.09050150672513904,0.0012494793835901709,0.287698752970576,1.4107419711616944,1325912.0,140000,3078.409426869958,2470.275445629909,32380.0,0.24618063638040089,27.7,57.0,0.3,11.7,9.7,16.7,34.3,38.8,13.7,0.2,45.3,0
LAMBAYEQUE,2022,51969,12,True,1495.0,415.0,13315.0,20428.0,4922.0,54.0,11340.0,0.028767149646904886,0.007985529835093999,0.25621043314283515,0.39308049029228964,0.09471030806827146,0.0010390809905905444,0.21820700802401433,1.4191260273062876,1338994.0,140000,3881.1973765379084,3078.409426869958,40817.0,0.26078011022861336,22.8,65.1,0.5,13.6,11.3,11.7,57.0,27.7,9.7,0.3,51.49999999999999,0
LAMBAYEQUE,2023,62773,12,True,1798.0,718.0,17579.0,23706.0,7207.0,69.0,11696.0,0.028642887865802175,0.011438038647189078,0.2800407818648145,0.3776464403485575,0.11481050770235611,0.0010991987000780591,0.18632214487120258,1.446159850340622,1350663.0,140000,4647.569378890219,3881.1973765379084,51969.0,0.19745762145081303,22.6,64.4,1.9,16.7,11.6,13.6,65.1,22.8,11.3,0.5,47.7,0
LAMBAYEQUE,2024,62995,12,True,2214.0,807.0,15884.0,27699.0,5781.0,44.0,10566.0,0.035145646479879354,0.012810540519088816,0.25214699579331695,0.43970156361616003,0.09176918803079609,0.0006984681323914596,0.16772759742836732,1.4059043334376682,1361554.0,140000,4626.69861055823,4647.569378890219,62773.0,-0.004490684620392371,17.2,56.0,1.3,16.9,10.9,16.7,64.4,22.6,11.6,1.9,39.1,0
LIMA METROPOLITANA,2018,294244,12,True,3891.0,570.0,69339.0,87235.0,50052.0,390.0,82767.0,0.013223719090278816,0.001937167792716249,0.23565136417395088,0.29647163578526664,0.17010372344041,0.001325430595016381,0.281286959122361,1.4372389807503159,,,,,,,18.3,60.0,5.0,28.4,20.1,,,,,,31.6,1
LIMA METROPOLITANA,2019,301414,12,True,4880.0,757.0,63620.0,90845.0,46470.0,404.0,94438.0,0.016190356121480756,0.0025114958163854366,0.21107181484602572,0.30139608644588506,0.1541733297059858,0.0013403491543193084,0.3133165679099179,1.4323393316000816,,,,,294244.0,,19.2,62.7,3.9,30.9,22.8,28.4,60.0,18.3,20.1,5.0,31.800000000000004,1
LIMA METROPOLITANA,2020,209987,12,True,5398.0,724.0,39056.0,64985.0,21783.0,321.0,77720.0,0.025706353250439313,0.003447832484868111,0.1859924662002886,0.3094715387143014,0.10373499311862162,0.001528666060279922,0.3701181501712011,1.4023232069128975,,,,,301414.0,,30.4,37.7,3.2,27.9,21.1,30.9,62.7,19.2,22.8,3.9,9.800000000000004,1
LIMA METROPOLITANA,2021,243815,12,True,8393.0,1347.0,49583.0,79395.0,27352.0,386.0,77359.0,0.03442364087525378,0.005524680597994381,0.20336320570924676,0.3256362405922523,0.11218341775526526,0.0015831675655722576,0.31728564690441524,1.4538109351272006,,,,,209987.0,,29.0,61.7,2.8,22.2,14.9,27.9,37.7,30.4,21.1,3.2,39.5,1
LIMA METROPOLITANA,2022,294568,12,True,11172.0,7642.0,60718.0,97807.0,38112.0,486.0,78631.0,0.037926726596235846,0.025943075962086854,0.20612558051112137,0.3320353874147905,0.12938268922625676,0.0016498737133700877,0.2669366665761386,1.5381525966691563,,,,,243815.0,,24.5,68.3,4.7,26.7,18.9,22.2,61.7,29.0,14.9,2.8,41.599999999999994,1
LIMA METROPOLITANA,2023,377345,12,True,13867.0,10197.0,91953.0,104955.0,71767.0,514.0,84092.0,0.036748863771879844,0.027023016072824604,0.2436841617087811,0.2781406935297937,0.19018934926923636,0.0013621486968159113,0.2228517669506685,1.5781654590125533,,,,,294568.0,,23.5,62.3,6.3,32.6,20.8,26.7,68.3,24.5,18.9,4.7,29.699999999999996,1
LIMA METROPOLITANA,2024,368677,12,True,16227.0,7975.0,93690.0,117210.0,52354.0,439.0,80782.0,0.04401413703594203,0.02163140092818375,0.2541248843838916,0.31792056461346924,0.142005061340957,0.0011907442015639707,0.21911320749599242,1.5506951708710144,,,,,377345.0,,17.7,61.2,4.2,30.1,19.0,32.6,62.3,23.5,20.8,6.3,31.1,1
LORETO,2018,11493,12,True,110.0,16.0,2324.0,5232.0,347.0,16.0,3448.0,0.009571043243713565,0.001392151744540155,0.2022100408944575,0.4552336204646306,0.03019229095971461,0.001392151744540155,0.3000087009484034,1.2111456415442021,1000350.0,160000,1148.8978857399911,,,,20.7,44.2,3.1,23.4,11.3,,,,,,20.800000000000004,0
LORETO,2019,13562,12,True,151.0,21.0,2513.0,6190.0,456.0,18.0,4213.0,0.011134051024922579,0.001548444182274001,0.1852971538121221,0.45642235658457453,0.03362335938652116,0.0013272378705205723,0.31064739713906503,1.2164968439039134,1015212.0,160000,1335.8786145159827,1148.8978857399911,11493.0,0.16274790918912663,19.4,42.5,2.2,22.7,13.0,23.4,44.2,20.7,11.3,3.1,19.8,0
LORETO,2020,10020,12,True,117.0,17.0,1566.0,4306.0,291.0,10.0,3713.0,0.011676646706586826,0.0016966067864271457,0.1562874251497006,0.4297405189620758,0.02904191616766467,0.000998003992015968,0.37055888223552896,1.1933574554694766,1027559.0,160000,975.1264890872446,1335.8786145159827,13562.0,-0.270048581891137,25.2,20.3,1.0,18.1,11.0,22.7,42.5,19.4,13.0,2.2,2.1999999999999993,0
LORETO,2021,11885,12,True,195.0,36.0,2000.0,5098.0,431.0,14.0,4111.0,0.016407236011779555,0.0030290281867900717,0.16827934371055953,0.42894404711821627,0.03626419856962558,0.0011779554059739167,0.3458981909970551,1.2434063702041338,1037055.0,160000,1146.0337204873415,975.1264890872446,10020.0,0.17526673032959295,24.5,39.9,2.4,16.9,8.2,18.1,20.3,25.2,11.0,1.0,23.0,0
LORETO,2022,14153,12,True,319.0,87.0,2609.0,6306.0,756.0,19.0,4057.0,0.022539390941849785,0.006147106620504487,0.18434254221719776,0.44555924538967,0.053416236840245886,0.0013424715607998304,0.28665300642973224,1.3122336318807581,1044884.0,160000,1354.504423457532,1146.0337204873415,11885.0,0.18190625567416996,21.9,49.7,3.9,23.8,11.4,16.9,39.9,24.5,8.2,2.4,25.900000000000002,0
LORETO,2023,16097,12,True,348.0,179.0,2702.0,7926.0,781.0,15.0,4146.0,0.02161893520531776,0.011120084487792756,0.16785736472634652,0.49238988631422004,0.048518357457911415,0.0009318506554016276,0.2575635211530099,1.284028252763255,1051560.0,160000,1530.7733272471376,1354.504423457532,14153.0,0.13013534746505906,19.7,45.8,3.6,20.1,9.2,23.8,49.7,21.9,11.4,3.9,25.699999999999996,0
LORETO,2024,15895,12,True,349.0,152.0,2399.0,8161.0,524.0,18.0,4292.0,0.021956590122680086,0.00956275558351683,0.15092796476879522,0.5134318968229002,0.03296634161686065,0.0011324315822585718,0.2700220195029884,1.229680336688591,1057592.0,160000,1502.9425336046415,1530.7733272471376,16097.0,-0.018180871816303124,17.7,44.2,2.4,21.7,8.9,20.1,45.8,19.7,9.2,3.6,22.500000000000004,0
MADRE DE DIOS,2018,5985,12,True,49.0,13.0,920.0,1811.0,842.0,5.0,2345.0,0.008187134502923977,0.002172096908939014,0.15371762740183792,0.30258980785296574,0.14068504594820383,0.000835421888053467,0.391812865497076,1.3511809289127716,161324.0,170000,3709.9253675832488,,,,8.4,70.6,12.1,32.9,16.6,,,,,,37.699999999999996,1
MADRE DE DIOS,2019,5876,12,True,32.0,22.0,1024.0,1698.0,798.0,7.0,2295.0,0.005445881552076242,0.0037440435670524166,0.17426820966643974,0.2889720898570456,0.13580667120490128,0.001191286589516678,0.390571817562968,1.3588758709087585,167674.0,170000,3504.419289812374,3709.9253675832488,5985.0,-0.055393588120816406,8.2,75.9,10.7,35.4,20.5,32.9,70.6,8.4,16.6,12.1,40.50000000000001,1
MADRE DE DIOS,2020,5403,12,True,47.0,3.0,796.0,1704.0,276.0,1.0,2576.0,0.008698870997593929,0.000555247084952804,0.147325559874144,0.31538034425319267,0.05108273181565797,0.00018508236165093466,0.4767721636128077,1.1982001400262992,173811.0,170000,3108.5489410911855,3504.419289812374,5876.0,-0.11296318048243115,15.3,33.1,3.7,23.0,15.5,35.4,75.9,8.2,20.5,10.7,10.100000000000001,0
MADRE DE DIOS,2021,6072,12,True,94.0,26.0,847.0,2000.0,486.0,5.0,2614.0,0.015480895915678524,0.004281949934123847,0.13949275362318841,0.32938076416337286,0.0800395256916996,0.0008234519104084321,0.4305006587615283,1.2992287194128147,179688.0,170000,3379.1905970348603,3108.5489410911855,5403.0,0.08706366252309095,10.6,67.7,3.5,24.4,15.9,23.0,33.1,15.3,15.5,3.7,43.300000000000004,1
MADRE DE DIOS,2022,6366,12,True,120.0,46.0,968.0,2423.0,506.0,12.0,2291.0,0.01885014137606032,0.007225887527489789,0.1520578071002199,0.3806157712849513,0.07948476280238768,0.001885014137606032,0.35988061577128494,1.3454326973248556,185478.0,170000,3432.2129848283894,3379.1905970348603,6072.0,0.01569085444308893,9.7,75.4,4.6,25.7,17.0,24.4,67.7,10.6,15.9,3.5,49.7,1
MADRE DE DIOS,2023,6769,12,True,155.0,75.0,997.0,2672.0,937.0,10.0,1923.0,0.022898507903678533,0.011079923179199291,0.14728911212882256,0.3947407297976067,0.13842517358546313,0.0014773230905599055,0.2840892303146698,1.4262731126654271,191259.0,170000,3539.1798555884952,3432.2129848283894,6366.0,0.03116556904625023,9.3,75.0,3.1,32.0,19.9,25.7,75.4,9.7,17.0,4.6,43.0,1
MADRE DE DIOS,2024,7747,12,True,248.0,53.0,999.0,3748.0,738.0,25.0,1936.0,0.03201239189363625,0.006841357945010972,0.12895314315218795,0.48380018071511555,0.09526268232864335,0.003227055634439138,0.24990318833096684,1.3487131085830577,197096.0,170000,3930.571904046759,3539.1798555884952,6769.0,0.11058834657420458,7.2,74.4,2.1,28.6,15.0,32.0,75.0,9.3,19.9,3.1,45.800000000000004,1
MOQUEGUA,2018,4934,12,True,71.0,10.0,906.0,1541.0,153.0,4.0,2249.0,0.014389947304418322,0.002026753141467369,0.18362383461694365,0.3123226591001216,0.03100932306445075,0.0008107012565869477,0.45581678151601135,1.2198721136525092,186371.0,180000,2647.4075902366785,,,,15.8,43.3,2.3,14.7,8.6,,,,,,28.599999999999998,0
MOQUEGUA,2019,5935,12,True,164.0,12.0,1089.0,1897.0,202.0,5.0,2566.0,0.02763268744734625,0.0020219039595619206,0.18348778433024432,0.31962931760741364,0.03403538331929233,0.0008424599831508003,0.4323504633529907,1.2709501317852854,189781.0,180000,3127.2888223794794,2647.4075902366785,4934.0,0.1812645827233197,15.6,45.6,2.3,15.8,9.1,14.7,43.3,15.8,8.6,2.3,29.8,0
MOQUEGUA,2020,4465,12,True,149.0,6.0,536.0,1459.0,140.0,2.0,2173.0,0.033370660694288914,0.0013437849944008958,0.1200447928331467,0.3267637178051512,0.03135498320268757,0.0004479283314669653,0.4866741321388578,1.204821540644624,192740.0,180000,2316.592300508457,3127.2888223794794,5935.0,-0.2592330187315999,24.0,20.6,3.0,16.4,9.1,15.8,45.6,15.6,9.1,2.3,4.200000000000003,0
MOQUEGUA,2021,6372,12,True,222.0,15.0,953.0,2466.0,214.0,7.0,2495.0,0.03483992467043315,0.0023540489642184556,0.14956057752667923,0.3870056497175141,0.03358443188951663,0.001098556183301946,0.39155681104833645,1.2713607784185275,195185.0,180000,3264.5951276993624,2316.592300508457,4465.0,0.40922298972626003,19.4,46.8,2.0,12.0,4.5,16.4,20.6,24.0,9.1,3.0,34.8,0
MOQUEGUA,2022,6987,12,True,247.0,42.0,1387.0,2595.0,267.0,15.0,2434.0,0.03535136682410191,0.0060111635895234005,0.19851152139687991,0.3714040360669815,0.038213825676255905,0.0021468441391155,0.3483612423071418,1.3430316599840233,197337.0,180000,3540.643670472339,3264.5951276993624,6372.0,0.08455827812483285,18.1,48.8,4.1,15.5,7.3,12.0,46.8,19.4,4.5,2.0,33.3,0
MOQUEGUA,2023,7660,12,True,302.0,88.0,1639.0,2693.0,326.0,2.0,2610.0,0.039425587467362924,0.011488250652741514,0.2139686684073107,0.35156657963446475,0.04255874673629243,0.0002610966057441253,0.34073107049608353,1.379582639244112,199286.0,180000,3843.7220878536377,3540.643670472339,6987.0,0.08559980771543341,17.5,43.2,3.0,17.1,7.0,15.5,48.8,18.1,7.3,4.1,26.1,0
MOQUEGUA,2024,7323,12,True,328.0,34.0,1447.0,2902.0,338.0,9.0,2265.0,0.04479038645363922,0.004642905912877236,0.19759661340980472,0.3962856752696982,0.04615594701625017,0.0012290045063498567,0.3092994674313806,1.3644156267888894,201129.0,180000,3640.9468550035053,3843.7220878536377,7660.0,-0.052754915213800935,17.1,46.5,3.4,24.3,11.4,17.1,43.2,17.5,7.0,3.0,22.2,0
PASCO,2018,3851,12,True,39.0,10.0,636.0,1546.0,210.0,4.0,1406.0,0.010127239678005712,0.0025967281225655675,0.1651519085951701,0.40145416774863674,0.054531290573876914,0.001038691249026227,0.36509997403271877,1.2594164962341845,271704.0,190000,1417.3512351676825,,,,14.5,39.4,6.8,20.2,10.2,,,,,,19.2,0
PASCO,2019,4671,12,True,50.0,19.0,755.0,1892.0,180.0,8.0,1767.0,0.010704345964461572,0.004067651466495397,0.16163562406336973,0.4050524512952259,0.038535645472061654,0.0017126953543138515,0.37829158638407195,1.2357074491754685,272157.0,190000,1716.2887597967351,1417.3512351676825,3851.0,0.2109128049644562,13.1,39.3,5.0,22.1,13.6,20.2,39.4,14.5,10.2,6.8,17.199999999999996,0
PASCO,2020,4297,12,True,76.0,14.0,498.0,1928.0,111.0,13.0,1657.0,0.01768675820339772,0.003258087037468001,0.11589481033279032,0.44868512915987896,0.02583197579706772,0.003025366534791715,0.38561787293460553,1.1788291615660487,271904.0,190000,1580.3371778274684,1716.2887597967351,4671.0,-0.07921253413403917,23.0,17.9,4.0,16.6,10.4,22.1,39.3,13.1,13.6,5.0,1.2999999999999972,0
PASCO,2021,4673,12,True,121.0,23.0,683.0,1951.0,117.0,22.0,1756.0,0.025893430344532422,0.004921891718382195,0.14615878450674086,0.4175048148940723,0.025037449176118127,0.004707896426278622,0.37577573293387545,1.2518548359899908,270842.0,190000,1725.3601730898456,1580.3371778274684,4297.0,0.09176712241987772,18.8,34.7,2.7,12.7,6.6,16.6,17.9,23.0,10.4,4.0,22.000000000000004,0
PASCO,2022,5080,12,True,144.0,56.0,894.0,2251.0,232.0,14.0,1489.0,0.028346456692913385,0.011023622047244094,0.17598425196850392,0.44311023622047246,0.04566929133858268,0.0027559055118110236,0.29311023622047244,1.3340093543099338,269296.0,190000,1886.4000950626819,1725.3601730898456,4673.0,0.09333698811677071,20.1,39.4,5.9,18.4,9.5,12.7,34.7,18.8,6.6,2.7,21.0,0
PASCO,2023,5345,12,True,222.0,86.0,1146.0,2162.0,395.0,11.0,1323.0,0.041534144059869035,0.01608980355472404,0.21440598690364826,0.40449017773620205,0.07390084190832553,0.00205799812909261,0.24752104770813846,1.4456981304942031,267425.0,190000,1998.6912218378984,1886.4000950626819,5080.0,0.05952667574027304,17.9,37.0,5.0,19.0,10.9,18.4,39.4,20.1,9.5,5.9,18.0,0
PASCO,2024,4845,12,True,223.0,59.0,878.0,2279.0,255.0,17.0,1134.0,0.046026831785345716,0.01217750257997936,0.18121775025799794,0.47038183694530444,0.05263157894736842,0.0035087719298245615,0.23405572755417955,1.3743709986003683,265392.0,190000,1825.6013745704468,1998.6912218378984,5345.0,-0.086601594771746,17.7,39.9,2.3,19.0,10.4,19.0,37.0,17.9,10.9,5.0,20.9,0
PIURA,2018,37072,12,True,434.0,377.0,7229.0,9455.0,5813.0,32.0,13732.0,0.011706948640483383,0.010169400086318515,0.19499892101855848,0.25504423823910227,0.1568029779887786,0.0008631851532153647,0.37041432887354336,1.4304562725624879,1974368.0,200000,1877.6641436652135,,,,23.8,55.6,3.4,18.3,10.5,,,,,,37.3,0
PIURA,2019,45045,12,True,594.0,310.0,8000.0,11630.0,7153.0,35.0,17323.0,0.013186813186813187,0.006882006882006882,0.1776001776001776,0.2581862581862582,0.1587967587967588,0.000777000777000777,0.3845709845709846,1.4131560868534823,2013517.0,200000,2237.1303544991174,1877.6641436652135,37072.0,0.19144329514234815,26.1,50.3,2.9,16.4,10.6,18.3,55.6,23.8,10.5,3.4,33.9,0
PIURA,2020,34033,12,True,745.0,261.0,5489.0,10219.0,4302.0,21.0,12996.0,0.02189051802662122,0.007669027120735757,0.1612846355008374,0.3002673875356272,0.12640672288661006,0.0006170481591396585,0.3818646607704287,1.4101532786709365,2047954.0,200000,1661.804903821082,2237.1303544991174,45045.0,-0.2571711789261596,33.1,30.0,2.0,14.6,8.9,16.4,50.3,26.1,10.6,2.9,15.4,0
PIURA,2021,39022,12,True,945.0,546.0,6430.0,12365.0,4642.0,36.0,14058.0,0.024217108297883247,0.013992107016554765,0.16477884270411564,0.31687253344267335,0.11895853621034289,0.0009225565065860284,0.3602583158218441,1.4386366569797984,2077039.0,200000,1878.7321759485499,1661.804903821082,34033.0,0.13053714766918478,26.7,54.0,1.4,10.3,6.2,14.6,30.0,33.1,8.9,2.0,43.7,0
PIURA,2022,46601,12,True,1332.0,1303.0,9749.0,14104.0,7435.0,48.0,12630.0,0.028583077616360163,0.027960773373961932,0.20920151928070213,0.30265444947533315,0.15954593249071908,0.0010300208150039699,0.27102422694791956,1.544387800110596,2103099.0,200000,2215.8253130261583,1878.7321759485499,39022.0,0.17942586037172337,26.6,63.6,5.1,18.1,9.1,10.3,54.0,26.7,6.2,1.4,45.5,0
PIURA,2023,52881,12,True,1613.0,1585.0,11354.0,16868.0,9344.0,36.0,12081.0,0.03050244889468807,0.02997295815132089,0.21470849643539267,0.31898035211134435,0.17669862521510563,0.0006807738129006637,0.22845634537924775,1.5549126177491215,2127093.0,200000,2486.069015318089,2215.8253130261583,46601.0,0.12196074334165741,22.4,63.0,6.1,27.0,12.8,18.1,63.6,26.6,9.1,5.1,36.0,0
PIURA,2024,49731,12,True,1908.0,2164.0,10254.0,17052.0,7145.0,35.0,11173.0,0.038366411292755025,0.043514105889686516,0.20618929842552935,0.3428847197924836,0.1436729605276387,0.0007037863706742274,0.22466871770123265,1.5733986206266166,2149978.0,200000,2313.0934363049296,2486.069015318089,52881.0,-0.06957794733265976,23.1,61.4,4.0,26.5,11.6,27.0,63.0,22.4,12.8,6.1,34.9,0
PROV. CONST. DEL CALLAO,2018,37169,12,True,398.0,72.0,7731.0,10668.0,7151.0,36.0,11113.0,0.010707847937797627,0.0019370981194005757,0.20799591057063682,0.287013371357852,0.1923915090532433,0.0009685490597002879,0.2989857139013694,1.4303486495245452,,,,,,,17.5,57.4,4.1,27.3,19.6,,,,,,30.099999999999998,0
PROV. CONST. DEL CALLAO,2019,34903,12,True,455.0,112.0,6832.0,10469.0,5294.0,30.0,11711.0,0.013036128699538721,0.003208893218347993,0.19574248631922758,0.29994556341861733,0.15167750623155601,0.0008595249692003552,0.335529897143512,1.413974657522237,,,,,37169.0,,20.4,61.4,3.5,28.9,21.5,27.3,57.4,17.5,19.6,4.1,32.5,1
PROV. CONST. DEL CALLAO,2020,25417,12,True,616.0,114.0,3947.0,8578.0,2203.0,31.0,9928.0,0.02423574772789865,0.0044851870795137114,0.15528976669158437,0.337490655860251,0.0866742731242869,0.0012196561356572373,0.3906047133808081,1.3575609924696002,,,,,34903.0,,33.1,35.6,2.8,26.6,20.6,28.9,61.4,20.4,21.5,3.5,9.0,1
PROV. CONST. DEL CALLAO,2021,28268,12,True,850.0,171.0,4040.0,10242.0,2555.0,41.0,10369.0,0.030069336352058867,0.006049242960237724,0.14291778689684448,0.36231781519739636,0.09038488750530635,0.001450403282864016,0.3668105278052922,1.3767643928339406,,,,,25417.0,,26.2,56.5,2.1,19.9,13.7,26.6,35.6,33.1,20.6,2.8,36.6,1
PROV. CONST. DEL CALLAO,2022,32437,12,True,903.0,747.0,3422.0,15296.0,2615.0,55.0,9399.0,0.027838579400067825,0.023029256713012917,0.10549680919937109,0.4715602552640503,0.08061781299133705,0.0016955945371026915,0.2897616918950581,1.35103101923712,,,,,28268.0,,24.3,66.1,3.2,22.2,14.6,19.9,56.5,26.2,13.7,2.1,43.89999999999999,0
PROV. CONST. DEL CALLAO,2023,37580,12,True,1077.0,670.0,5516.0,14891.0,5305.0,52.0,10069.0,0.028658861096327835,0.017828632251197445,0.1467802022352315,0.39624800425758383,0.14116551357104842,0.0013837147418839808,0.267935071846727,1.4604163059780486,,,,,32437.0,,28.7,57.8,5.0,29.2,18.1,22.2,66.1,24.3,14.6,3.2,28.599999999999998,1
PROV. CONST. DEL CALLAO,2024,34536,12,True,1354.0,626.0,5425.0,12900.0,4246.0,37.0,9948.0,0.039205466759323605,0.018126013435255963,0.1570824646745425,0.37352328005559415,0.12294417419504286,0.0010713458420199213,0.288047255038221,1.4818036443732767,,,,,37580.0,,20.0,60.8,3.3,25.7,16.6,29.2,57.8,28.7,18.1,5.0,35.099999999999994,0
PUNO,2018,9827,12,True,34.0,5.0,1476.0,3779.0,502.0,19.0,4012.0,0.0034598555001526406,0.0005088022794342118,0.15019843288897936,0.38455276279637735,0.05108374885519487,0.001933448661850005,0.4082629490180116,1.2054756402348894,1236836.0,210000,794.5273261774398,,,,5.9,71.7,12.3,39.6,22.5,,,,,,32.1,1
PUNO,2019,16087,12,True,94.0,8.0,1898.0,6080.0,603.0,21.0,7383.0,0.005843227450736619,0.0004972959532541804,0.1179834649095543,0.3779449244731771,0.037483682476533844,0.0013054018772922235,0.45894200285945175,1.142928467966311,1239022.0,210000,1298.3627409359963,794.5273261774398,9827.0,0.6341322672721217,5.8,68.8,12.0,40.6,25.0,39.6,71.7,5.9,22.5,12.3,28.199999999999996,1
PUNO,2020,13348,12,True,156.0,6.0,1294.0,5115.0,322.0,17.0,6438.0,0.011687144141444412,0.0004495055439017081,0.09694336230146838,0.38320347617620615,0.02412346418939167,0.0012735990410548397,0.4823194486065328,1.099279911261815,1237997.0,210000,1078.193242794611,1298.3627409359963,16087.0,-0.16957471991430062,8.5,32.9,6.1,32.6,21.8,40.6,68.8,5.8,25.0,12.0,0.29999999999999716,1
PUNO,2021,16809,12,True,220.0,14.0,2041.0,6165.0,582.0,15.0,7772.0,0.013088226545303111,0.0008328871437920162,0.1214230471771075,0.36676780296269856,0.03462430840621096,0.000892379082634303,0.46237134868225355,1.165933558944268,1233277.0,210000,1362.9541457434138,1078.193242794611,13348.0,0.2641093374047865,7.9,64.9,6.2,23.3,12.5,32.6,32.9,8.5,21.8,6.1,41.60000000000001,1
PUNO,2022,17304,12,True,291.0,39.0,2733.0,6642.0,1026.0,27.0,6546.0,0.016816920943134535,0.0022538141470180304,0.15794036061026354,0.38384188626907073,0.05929264909847434,0.0015603328710124826,0.37829403606102635,1.2867989121334242,1226353.0,210000,1411.0129791340667,1362.9541457434138,16809.0,0.035260785214780155,7.1,71.5,5.1,29.7,19.4,23.3,64.9,7.9,12.5,6.2,41.8,1
PUNO,2023,19160,12,True,425.0,95.0,4206.0,6012.0,3254.0,26.0,5142.0,0.022181628392484342,0.004958246346555324,0.21951983298538622,0.3137787056367432,0.1698329853862213,0.0013569937369519833,0.26837160751565764,1.4704163597291788,1217951.0,210000,1573.1338945491239,1411.0129791340667,17304.0,0.11489682789066213,8.0,70.5,7.3,33.1,21.5,29.7,71.5,7.1,19.4,5.1,37.4,1
PUNO,2024,20996,12,True,658.0,65.0,4062.0,7263.0,2919.0,28.0,6001.0,0.031339302724328444,0.0030958277767193752,0.19346542198514002,0.3459230329586588,0.13902648123452085,0.0013335873499714232,0.2858163459706611,1.4525172176135208,1208802.0,210000,1736.9263121669223,1573.1338945491239,19160.0,0.10411854844990365,7.6,76.7,6.7,35.1,21.8,33.1,70.5,8.0,21.5,7.3,41.6,1
REGION LIMA,2018,23733,12,True,250.0,160.0,4752.0,7378.0,3123.0,30.0,8040.0,0.010533855812581637,0.006741667720052248,0.20022753128555176,0.31087515274090927,0.1315889268107698,0.0012640626975097965,0.33876880293262546,1.4089118984077327,,,,,,,17.7,49.0,6.2,22.8,14.0,,,,,,26.2,0
REGION LIMA,2019,25575,12,True,349.0,183.0,4195.0,8436.0,2743.0,41.0,9628.0,0.01364613880742913,0.007155425219941349,0.1640273704789834,0.3298533724340176,0.10725317693059629,0.001603128054740958,0.3764613880742913,1.3738531560495284,,,,,23733.0,,18.4,50.8,4.7,23.4,14.9,22.8,49.0,17.7,14.0,6.2,27.4,0
REGION LIMA,2020,21150,12,True,406.0,135.0,2872.0,7817.0,1768.0,38.0,8114.0,0.019196217494089833,0.006382978723404255,0.1357919621749409,0.3695981087470449,0.08359338061465721,0.0017966903073286051,0.3836406619385343,1.333511863548084,,,,,25575.0,,29.3,25.3,3.9,19.5,11.8,23.4,50.8,18.4,14.9,4.7,5.800000000000001,0
REGION LIMA,2021,23013,12,True,536.0,245.0,3309.0,8527.0,2181.0,46.0,8169.0,0.02329118324425325,0.010646156520227698,0.14378829357319775,0.3705297006040064,0.09477251988006778,0.0019988702037978534,0.3549732759744492,1.3860468829637613,,,,,21150.0,,28.0,47.8,3.8,13.9,7.1,19.5,25.3,29.3,11.8,3.9,33.9,0
REGION LIMA,2022,25192,12,True,734.0,869.0,4167.0,9721.0,2568.0,37.0,7096.0,0.02913623372499206,0.03449507780247698,0.16540965385836773,0.3858764687202286,0.10193712289615751,0.001468720228644014,0.2816767227691331,1.4834619157334612,,,,,23013.0,,24.7,59.3,4.6,20.8,13.3,13.9,47.8,28.0,7.1,3.8,38.5,0
REGION LIMA,2023,29298,12,True,1102.0,1185.0,4573.0,10572.0,3697.0,33.0,8136.0,0.03761348897535668,0.040446446856440714,0.15608573964093111,0.36084374360024574,0.1261860877875623,0.0011263567479008806,0.27769813639156254,1.5354917585452692,,,,,25192.0,,22.6,49.6,5.0,24.2,14.0,20.8,59.3,24.7,13.3,4.6,25.400000000000002,0
REGION LIMA,2024,28248,12,True,1205.0,1210.0,4487.0,10478.0,2945.0,49.0,7874.0,0.04265788728405551,0.042834890965732085,0.15884310393656187,0.3709289153214387,0.10425516850750495,0.001734636080430473,0.2787453979042764,1.5324498234155497,,,,,29298.0,,15.7,50.1,3.2,19.7,10.5,24.2,49.6,22.6,14.0,5.0,30.400000000000002,0
SAN MARTIN,2018,11910,12,True,187.0,33.0,3385.0,3949.0,680.0,24.0,3652.0,0.015701091519731317,0.0027707808564231737,0.28421494542401343,0.33157010915197316,0.05709487825356843,0.0020151133501259445,0.30663308144416457,1.3435586803908757,866861.0,220000,1373.9226934883447,,,,19.6,27.1,2.4,12.9,4.7,,,,,,14.200000000000001,0
SAN MARTIN,2019,14274,12,True,211.0,37.0,3758.0,3998.0,636.0,30.0,5604.0,0.014782121339498388,0.002592125542945215,0.2632758862267059,0.28008967353229647,0.04455653635981505,0.002101723413198823,0.39260193358554013,1.3041831723567614,884283.0,220000,1614.1891227129775,1373.9226934883447,11910.0,0.17487623602358893,22.2,26.9,2.2,12.6,4.7,12.9,27.1,19.6,4.7,2.4,14.299999999999999,0
SAN MARTIN,2020,12557,12,True,260.0,43.0,2356.0,4269.0,324.0,25.0,5280.0,0.020705582543601178,0.003424384805287887,0.18762443258740144,0.33996973799474395,0.025802341323564546,0.0019909213984231904,0.4204825993469778,1.251504313121062,899648.0,220000,1395.7681226435227,1614.1891227129775,14274.0,-0.1353131408185636,27.7,12.5,2.4,9.9,3.7,12.6,26.9,22.2,4.7,2.2,2.5999999999999996,0
SAN MARTIN,2021,16343,12,True,482.0,44.0,3606.0,5319.0,532.0,16.0,6344.0,0.02949274918925534,0.002692284158355259,0.22064492443247874,0.32546044177935507,0.03255216300556813,0.0009790124212200942,0.38817842501376737,1.3042262023341733,912674.0,220000,1790.6722444158593,1395.7681226435227,12557.0,0.28292960368259856,23.1,23.2,1.5,8.4,2.5,9.9,12.5,27.7,3.7,2.4,14.799999999999999,0
SAN MARTIN,2022,18401,12,True,583.0,155.0,4359.0,6400.0,996.0,24.0,5884.0,0.03168306070322265,0.008423455246997447,0.2368892994945927,0.3478071843921526,0.05412749307102875,0.0013042769414705723,0.3197652301505353,1.3891937669460719,924384.0,220000,1990.6229445771455,1790.6722444158593,16343.0,0.11166236634583715,23.5,29.2,6.7,14.5,3.8,8.4,23.2,23.1,2.5,1.5,14.7,0
SAN MARTIN,2023,19440,12,True,739.0,277.0,4623.0,6651.0,1137.0,26.0,5987.0,0.03801440329218107,0.014248971193415639,0.23780864197530865,0.3421296296296296,0.05848765432098765,0.001337448559670782,0.30797325102880657,1.4309968363727188,935194.0,220000,2078.71307985295,1990.6229445771455,18401.0,0.04425254693048708,22.1,26.1,4.2,16.3,5.3,14.5,29.2,23.5,3.8,6.7,9.8,0
SAN MARTIN,2024,19914,12,True,887.0,213.0,4831.0,7208.0,787.0,43.0,5945.0,0.04454152857286331,0.010695992768906298,0.24259315054735361,0.3619564125740685,0.03951993572361153,0.0021592849251782665,0.29853369488801845,1.4003835298602048,945523.0,220000,2106.135969193769,2078.71307985295,19440.0,0.01319224360812643,24.8,23.1,3.4,20.9,5.4,16.3,26.1,22.1,5.3,4.2,2.200000000000003,0
TACNA,2018,9806,12,True,121.0,5.0,1746.0,3064.0,339.0,9.0,4522.0,0.012339384050581277,0.0005098919029165817,0.17805425249847032,0.3124617581072813,0.03457067101774424,0.000917805425249847,0.4611462369977565,1.2085234830085931,354644.0,230000,2765.026336269611,,,,17.1,59.7,15.7,38.0,20.9,,,,,,21.700000000000003,1
TACNA,2019,12064,12,True,191.0,23.0,2282.0,4237.0,341.0,19.0,4971.0,0.015832228116710874,0.001906498673740053,0.189157824933687,0.3512102122015915,0.028265915119363397,0.0015749336870026526,0.4120523872679045,1.2363423295128633,363205.0,230000,3321.540177035008,2765.026336269611,9806.0,0.20126891142606929,15.7,64.0,12.2,34.8,18.5,38.0,59.7,17.1,20.9,15.7,29.200000000000003,1
TACNA,2020,9478,12,True,140.0,9.0,1354.0,3579.0,223.0,12.0,4161.0,0.014771048744460856,0.0009495674192867694,0.14285714285714285,0.37761131040303864,0.023528170500105507,0.0012660898923823592,0.43901667018358304,1.1726824812883057,370974.0,230000,2554.896030449573,3321.540177035008,12064.0,-0.23080983692022783,23.3,25.5,6.3,29.1,18.6,34.8,64.0,15.7,18.5,12.2,-3.6000000000000014,1
TACNA,2021,10825,12,True,190.0,23.0,1883.0,4387.0,316.0,25.0,4001.0,0.017551963048498844,0.0021247113163972288,0.17394919168591225,0.40526558891454967,0.029191685912240185,0.0023094688221709007,0.36960739030023093,1.239363095345755,377842.0,230000,2864.9541342677626,2554.896030449573,9478.0,0.1213584036778319,13.6,57.8,5.1,17.7,8.1,29.1,25.5,23.3,18.6,6.3,40.099999999999994,0
TACNA,2022,12454,12,True,206.0,99.0,2470.0,5169.0,480.0,16.0,4014.0,0.016540870403083347,0.007949253251967239,0.19832985386221294,0.4150473743375622,0.03854183394893207,0.0012847277982977357,0.32230608639794445,1.291098864667696,384222.0,230000,3241.3552581580443,2864.9541342677626,10825.0,0.13138120411358134,17.5,63.3,6.6,27.4,14.1,17.7,57.8,13.6,8.1,5.1,35.9,1
TACNA,2023,13203,12,True,289.0,135.0,3283.0,4899.0,995.0,13.0,3589.0,0.02188896462925093,0.010224948875255624,0.24865560857380897,0.37105203362872075,0.07536166022873589,0.000984624706506097,0.2718321593577217,1.4001729027633525,390279.0,230000,3382.9644946307644,3241.3552581580443,12454.0,0.04368828011564263,16.7,62.3,6.4,31.5,17.9,27.4,63.3,17.5,14.1,6.6,30.799999999999997,1
TACNA,2024,12134,12,True,306.0,119.0,2696.0,4561.0,927.0,11.0,3514.0,0.025218394593703643,0.009807153453106973,0.22218559419812098,0.37588594033294875,0.07639690126916103,0.0009065435965056865,0.28959947255645296,1.4018944467488224,396180.0,230000,3062.7492553889647,3382.9644946307644,13203.0,-0.09465521726581105,16.2,60.7,6.8,31.3,17.3,31.5,62.3,16.7,17.9,6.4,29.400000000000002,1
TUMBES,2018,9390,12,True,82.0,115.0,1735.0,3383.0,1157.0,3.0,2915.0,0.00873269435569755,0.012247071352502662,0.1847710330138445,0.3602768903088392,0.12321618743343983,0.0003194888178913738,0.3104366347177849,1.3988325109147985,241321.0,240000,3891.082831581172,,,,25.2,50.4,3.4,18.0,10.2,,,,,,32.4,0
TUMBES,2019,9378,12,True,108.0,107.0,1712.0,3426.0,889.0,9.0,3127.0,0.011516314779270634,0.011409682235018127,0.18255491576029004,0.3653230966090851,0.09479633184047771,0.0009596928982725527,0.33343996587758584,1.3770159185357023,246699.0,240000,3801.393601109044,3891.082831581172,9390.0,-0.023049941199962065,31.8,46.4,2.7,19.6,13.0,18.0,50.4,25.2,10.2,3.4,26.799999999999997,0
TUMBES,2020,6962,12,True,101.0,67.0,898.0,3416.0,389.0,8.0,2083.0,0.014507325481183568,0.009623671358804941,0.1289859235851767,0.4906636024130997,0.055874748635449584,0.0011490950876185005,0.29919563343866706,1.2496027890334847,251521.0,240000,2767.959732984522,3801.393601109044,9378.0,-0.27185658118197,39.7,24.9,0.9,12.4,8.7,19.6,46.4,31.8,13.0,2.7,12.499999999999998,0
TUMBES,2021,7829,12,True,124.0,72.0,1031.0,4115.0,338.0,1.0,2148.0,0.01583854898454464,0.009196576829735598,0.1316898709924639,0.5256099118661387,0.04317281900625878,0.00012773023374632777,0.27436454208711203,1.2054761748984673,255712.0,240000,3061.647478413215,2767.959732984522,6962.0,0.1061026076098397,29.8,41.8,1.1,10.2,5.9,12.4,24.9,39.7,8.7,0.9,31.599999999999998,0
TUMBES,2022,8452,12,True,123.0,238.0,1466.0,3984.0,588.0,5.0,2048.0,0.014552768575485093,0.0281590156176053,0.173450070989115,0.4713677236157123,0.06956933270231898,0.0005915759583530525,0.2423095125414103,1.3537797004099859,259556.0,240000,3256.3300405307527,3061.647478413215,7829.0,0.0635875173383571,30.0,50.9,2.2,12.6,6.7,10.2,41.8,29.8,5.9,1.1,38.3,0
TUMBES,2023,8972,12,True,158.0,265.0,1408.0,4159.0,730.0,13.0,2239.0,0.01761034329023629,0.029536335265269727,0.15693267944716896,0.4635532768613464,0.08136424431564869,0.0014489522960321,0.24955416852429782,1.3821898316265127,263164.0,240000,3409.280904683011,3256.3300405307527,8452.0,0.046970320037746705,34.6,48.3,2.0,17.4,10.0,12.6,50.9,30.0,6.7,2.2,30.9,0
TUMBES,2024,7960,12,True,194.0,307.0,1471.0,3646.0,474.0,14.0,1854.0,0.02437185929648241,0.0385678391959799,0.18479899497487437,0.4580402010050251,0.059547738693467335,0.0017587939698492463,0.2329145728643216,1.4042590102972792,266653.0,240000,2985.152989090691,3409.280904683011,8972.0,-0.1244039219560158,37.8,42.8,0.9,16.3,7.3,17.4,48.3,34.6,10.0,2.0,26.499999999999996,0
UCAYALI,2018,10665,12,True,83.0,21.0,1851.0,5413.0,1073.0,16.0,2208.0,0.007782466010314112,0.001969057665260197,0.17355836849507736,0.5075480543834974,0.1006094702297234,0.0015002344116268166,0.2070323488045007,1.2650581256493783,558767.0,250000,1908.6667609218152,,,,21.5,52.0,4.2,15.9,7.9,,,,,,36.1,0
UCAYALI,2019,14490,12,True,196.0,75.0,4242.0,4669.0,2157.0,13.0,3138.0,0.01352657004830918,0.005175983436853002,0.2927536231884058,0.32222222222222224,0.14886128364389234,0.0008971704623878537,0.2165631469979296,1.4311488254579883,574509.0,250000,2522.1536999420377,1908.6667609218152,10665.0,0.32142171256963215,23.3,52.0,2.8,16.6,10.0,15.9,52.0,21.5,7.9,4.2,35.4,0
UCAYALI,2020,10396,12,True,161.0,39.0,2850.0,3415.0,1062.0,17.0,2852.0,0.015486725663716814,0.0037514428626394766,0.27414390150057716,0.32849172758753364,0.1021546748749519,0.0016352443247402847,0.2743362831858407,1.404321275498299,589110.0,250000,1764.6958972008624,2522.1536999420377,14490.0,-0.3003218252553691,25.6,25.0,3.1,16.0,9.8,16.6,52.0,23.3,10.0,2.8,9.0,0
UCAYALI,2021,12511,12,True,261.0,41.0,3613.0,4018.0,1069.0,25.0,3484.0,0.020861641755255376,0.0032771161377987373,0.2887858684357765,0.32115738150427625,0.08544480856845975,0.0019982415474382544,0.2784749420509951,1.40156380184357,602400.0,250000,2076.859229747676,1764.6958972008624,10396.0,0.17689355601832757,22.7,50.5,2.8,13.1,6.7,16.0,25.0,25.6,9.8,3.1,37.4,0
UCAYALI,2022,11828,12,True,349.0,100.0,3208.0,3786.0,1326.0,17.0,3042.0,0.029506256340886033,0.008454514710855596,0.27122083192424756,0.3200879269529929,0.11210686506594522,0.0014372675008454514,0.25718633750422726,1.4668130282831293,615024.0,250000,1923.176981711283,2076.859229747676,12511.0,-0.07399743123421254,17.0,59.3,4.9,20.1,9.8,13.1,50.5,22.7,6.7,2.8,39.199999999999996,0
UCAYALI,2023,13251,12,True,487.0,333.0,3350.0,4574.0,1819.0,15.0,2673.0,0.03675194324956607,0.02513017885442608,0.2528111085955777,0.34518149573617085,0.1372726586672704,0.0011319900384876612,0.20172062485850126,1.5319943259554931,627233.0,250000,2112.6120596333417,1923.176981711283,11828.0,0.09850111545818074,21.0,61.8,3.8,21.9,10.5,20.1,59.3,17.0,9.8,4.9,39.9,0
UCAYALI,2024,12539,12,True,491.0,173.0,3118.0,5004.0,1152.0,20.0,2581.0,0.03915782757795677,0.0137969535050642,0.248664167796475,0.3990748863545737,0.0918733551319882,0.0015950235265970174,0.20583778610734507,1.4535883019513496,639279.0,250000,1961.4284217063287,2112.6120596333417,13251.0,-0.07156242303816629,21.7,58.2,3.0,20.5,9.1,21.9,61.8,21.0,10.5,3.8,37.7,0
