departamento,anio,poblacion,ubigeo
AMAZONAS,2018,419833,010000
ANCASH,2018,1155451,020000
APURIMAC,2018,427323,030000
AREQUIPA,2018,1428708,040000
AYACUCHO,2018,659061,050000
CAJAMARCA,2018,1438325,060000
CALLAO,2018,1078789,070000
CUSCO,2018,1320530,080000
HUANCAVELICA,2018,376346,090000
HUANUCO,2018,757467,100000
ICA,2018,923175,110000
JUNIN,2018,1335139,120000
LA LIBERTAD,2018,1938501,130000
LAMBAYEQUE,2018,1270295,140000
LIMA,2018,10180641,150000
LORETO,2018,1000350,160000
MADRE DE DIOS,2018,161324,170000
MOQUEGUA,2018,186371,180000
PASCO,2018,271704,190000
PIURA,2018,1974368,200000
PUNO,2018,1236836,210000
SAN MARTIN,2018,866861,220000
TACNA,2018,354644,230000
TUMBES,2018,241321,240000
UCAYALI,2018,558767,250000
AMAZONAS,2019,423863,010000
ANCASH,2019,1169522,020000
APURIMAC,2019,429587,030000
AREQUIPA,2019,1464638,040000
AYACUCHO,2019,664494,050000
CAJAMARCA,2019,1447891,060000
CALLAO,2019,1105512,070000
CUSCO,2019,1340457,080000
HUANCAVELICA,2019,371260,090000
HUANUCO,2019,759851,100000
ICA,2019,950100,110000
JUNIN,2019,1350021,120000
LA LIBERTAD,2019,1979901,130000
LAMBAYEQUE,2019,1292105,140000
LIMA,2019,10416139,150000
LORETO,2019,1015212,160000
MADRE DE DIOS,2019,167674,170000
MOQUEGUA,2019,189781,180000
PASCO,2019,272157,190000
PIURA,2019,2013517,200000
PUNO,2019,1239022,210000
SAN MARTIN,2019,884283,220000
TACNA,2019,363205,230000
TUMBES,2019,246699,240000
UCAYALI,2019,574509,250000
AMAZONAS,2020,426806,010000
ANCASH,2020,1180638,020000
APURIMAC,2020,430736,030000
AREQUIPA,2020,1497438,040000
AYACUCHO,2020,668213,050000
CAJAMARCA,2020,1453711,060000
CALLAO,2020,1129854,070000
CUSCO,2020,1357075,080000
HUANCAVELICA,2020,365317,090000
HUANUCO,2020,760267,100000
ICA,2020,975182,110000
JUNIN,2020,1361467,120000
LA LIBERTAD,2020,2016771,130000
LAMBAYEQUE,2020,1310785,140000
LIMA,2020,10628470,150000
LORETO,2020,1027559,160000
MADRE DE DIOS,2020,173811,170000
MOQUEGUA,2020,192740,180000
PASCO,2020,271904,190000
PIURA,2020,2047954,200000
PUNO,2020,1237997,210000
SAN MARTIN,2020,899648,220000
TACNA,2020,370974,230000
TUMBES,2020,251521,240000
UCAYALI,2020,589110,250000
AMAZONAS,2021,428512,010000
ANCASH,2021,1188391,020000
APURIMAC,2021,430609,030000
AREQUIPA,2021,1526669,040000
AYACUCHO,2021,669979,050000
CAJAMARCA,2021,1455245,060000
CALLAO,2021,1151480,070000
CUSCO,2021,1369932,080000
HUANCAVELICA,2021,358356,090000
HUANUCO,2021,758416,100000
ICA,2021,998144,110000
JUNIN,2021,1369003,120000
LA LIBERTAD,2021,2048492,130000
LAMBAYEQUE,2021,1325912,140000
LIMA,2021,10814450,150000
LORETO,2021,1037055,160000
MADRE DE DIOS,2021,179688,170000
MOQUEGUA,2021,195185,180000
PASCO,2021,270842,190000
PIURA,2021,2077039,200000
PUNO,2021,1233277,210000
SAN MARTIN,2021,912674,220000
TACNA,2021,377842,230000
TUMBES,2021,255712,240000
UCAYALI,2021,602400,250000
AMAZONAS,2022,429483,010000
ANCASH,2022,1194156,020000
APURIMAC,2022,429720,030000
AREQUIPA,2022,1553994,040000
AYACUCHO,2022,670579,050000
CAJAMARCA,2022,1454217,060000
CALLAO,2022,1171648,070000
CUSCO,2022,1380594,080000
HUANCAVELICA,2022,350845,090000
HUANUCO,2022,755213,100000
ICA,2022,1020050,110000
JUNIN,2022,1374221,120000
LA LIBERTAD,2022,2077345,130000
LAMBAYEQUE,2022,1338994,140000
LIMA,2022,10986006,150000
LORETO,2022,1044884,160000
MADRE DE DIOS,2022,185478,170000
MOQUEGUA,2022,197337,180000
PASCO,2022,269296,190000
PIURA,2022,2103099,200000
PUNO,2022,1226353,210000
SAN MARTIN,2022,924384,220000
TACNA,2022,384222,230000
TUMBES,2022,259556,240000
UCAYALI,2022,615024,250000
AMAZONAS,2023,429943,010000
ANCASH,2023,1198547,020000
APURIMAC,2023,428311,030000
AREQUIPA,2023,1580075,040000
AYACUCHO,2023,670377,050000
CAJAMARCA,2023,1451436,060000
CALLAO,2023,1190860,070000
CUSCO,2023,1389737,080000
HUANCAVELICA,2023,343026,090000
HUANUCO,2023,751097,100000
ICA,2023,1041312,110000
JUNIN,2023,1377838,120000
LA LIBERTAD,2023,2104254,130000
LAMBAYEQUE,2023,1350663,140000
LIMA,2023,11147924,150000
LORETO,2023,1051560,160000
MADRE DE DIOS,2023,191259,170000
MOQUEGUA,2023,199286,180000
PASCO,2023,267425,190000
PIURA,2023,2127093,200000
PUNO,2023,1217951,210000
SAN MARTIN,2023,935194,220000
TACNA,2023,390279,230000
TUMBES,2023,263164,240000
UCAYALI,2023,627233,250000
AMAZONAS,2024,430123,010000
ANCASH,2024,1202171,020000
APURIMAC,2024,426626,030000
AREQUIPA,2024,1605569,040000
AYACUCHO,2024,669737,050000
CAJAMARCA,2024,1447707,060000
CALLAO,2024,1209614,070000
CUSCO,2024,1398036,080000
HUANCAVELICA,2024,335142,090000
HUANUCO,2024,746509,100000
ICA,2024,1062346,110000
JUNIN,2024,1380561,120000
LA LIBERTAD,2024,2130145,130000
LAMBAYEQUE,2024,1361554,140000
LIMA,2024,11304993,150000
LORETO,2024,1057592,160000
MADRE DE DIOS,2024,197096,170000
MOQUEGUA,2024,201129,180000
PASCO,2024,265392,190000
PIURA,2024,2149978,200000
PUNO,2024,1208802,210000
SAN MARTIN,2024,945523,220000
TACNA,2024,396180,230000
TUMBES,2024,266653,240000
UCAYALI,2024,639279,250000
AMAZONAS,2025,430251,010000
ANCASH,2025,1205639,020000
APURIMAC,2025,424906,030000
AREQUIPA,2025,1631136,040000
AYACUCHO,2025,669020,050000
CAJAMARCA,2025,1443839,060000
CALLAO,2025,1228411,070000
CUSCO,2025,1406165,080000
HUANCAVELICA,2025,327440,090000
HUANUCO,2025,741887,100000
ICA,2025,1083566,110000
JUNIN,2025,1383107,120000
LA LIBERTAD,2025,2155943,130000
LAMBAYEQUE,2025,1372301,140000
LIMA,2025,11461995,150000
LORETO,2025,1063495,160000
MADRE DE DIOS,2025,203069,170000
MOQUEGUA,2025,202946,180000
PASCO,2025,263354,190000
PIURA,2025,2172710,200000
PUNO,2025,1199636,210000
SAN MARTIN,2025,955789,220000
TACNA,2025,402089,230000
TUMBES,2025,270134,240000
UCAYALI,2025,651416,250000
AMAZONAS,2026,430305,010000
ANCASH,2026,1208895,020000
APURIMAC,2026,423128,030000
AREQUIPA,2026,1656746,040000
AYACUCHO,2026,668193,050000
CAJAMARCA,2026,1439748,060000
CALLAO,2026,1247227,070000
CUSCO,2026,1414069,080000
HUANCAVELICA,2026,319894,090000
HUANUCO,2026,737187,100000
ICA,2026,1104956,110000
JUNIN,2026,1385412,120000
LA LIBERTAD,2026,2181593,130000
LAMBAYEQUE,2026,1382858,140000
LIMA,2026,11618679,150000
LORETO,2026,1069225,160000
MADRE DE DIOS,2026,209165,170000
MOQUEGUA,2026,204742,180000
PASCO,2026,261297,190000
PIURA,2026,2195231,200000
PUNO,2026,1190370,210000
SAN MARTIN,2026,965964,220000
TACNA,2026,407996,230000
TUMBES,2026,273604,240000
UCAYALI,2026,663630,250000
